nome,telefone,vencimento
Maciel Advogados Informática, 5511986823299, 27/10/24
Alaíne Oliveira Advogada, 5511991076529, 27/10/24
Joi Laser, 5511982232433, 27/10/24
Olá, 5511996248679, 27/10/24
Olá, 5511999895632, 27/10/24
Big Pneus, 5511970804293, 27/10/24
Carmari Funilaria e Pintura, 5511947790249, 27/10/24
Caldas & Fernandes Advocacia, 5511950723041, 27/10/24
Felipe Mantovani Advocacia, 5511941193081, 27/10/24
Mesquita Barros Advogados, 5511986687053, 27/10/24
Gold Smile, 5511974299025, 27/10/24
Ol[a], 5511940008814, 27/10/24
Laiz Leide Advocacia, 5519991401410, 27/10/24
Pires Bellini Advogados, 5519994016681, 27/10/24
Sorriso do Povo Odontologia, 5519996127183, 27/10/24